"","id","label","x"
"1",1,"Live",0.0666666666666667
"2",2,"PTT",0.0666666666666667
"3",3,"蘋果",0.0666666666666667
"4",4,"中時",0.0666666666666667
"5",5,"中央社",0.0666666666666667
"6",6,"東森",0.0666666666666667
"7",7,"自由",0.0666666666666667
"8",8,"新頭殼",0.0666666666666667
"9",9,"NowNews",0.0666666666666667
"10",10,"聯合",0.0666666666666667
"11",11,"TVBS",0.0666666666666667
"12",12,"中廣",0.0666666666666667
"13",13,"台視",0.0666666666666667
"14",14,"華視",0.0666666666666667
"15",15,"民視",0.0666666666666667
